{"cameraMode":{"drawMode":0,"name":"Shaded","section":"Shading Mode"},"sceneLighting":false,"audioPlay":false,"sceneViewState":{"m_AlwaysRefresh":false,"showFog":true,"showSkybox":false,"showFlares":true,"showImageEffects":true,"showParticleSystems":true,"showVisualEffectGraphs":true,"m_FxEnabled":true},"in2DMode":false,"pivot":{"x":-2.1547889709472658,"y":129.55189514160157,"z":25.764862060546876},"rotation":{"x":-0.06924404948949814,"y":-0.01736138015985489,"z":0.0012002852745354176,"w":-0.9974762201309204},"size":167.32949829101563,"orthographic":false}