{"cameraMode":{"drawMode":0,"name":"Shaded","section":"Shading Mode"},"sceneLighting":false,"audioPlay":false,"sceneViewState":{"m_AlwaysRefresh":false,"showFog":true,"showSkybox":false,"showFlares":true,"showImageEffects":true,"showParticleSystems":true,"showVisualEffectGraphs":true,"m_FxEnabled":true},"in2DMode":false,"pivot":{"x":6.403633117675781,"y":-33.823333740234378,"z":-42.68748474121094},"rotation":{"x":-0.23942916095256806,"y":-0.016897615045309068,"z":0.004162786994129419,"w":-0.9707872271537781},"size":76.49443054199219,"orthographic":false}