{"cameraMode":{"drawMode":0,"name":"Shaded","section":"Shading Mode"},"sceneLighting":false,"audioPlay":false,"sceneViewState":{"m_AlwaysRefresh":false,"showFog":true,"showSkybox":false,"showFlares":true,"showImageEffects":true,"showParticleSystems":true,"showVisualEffectGraphs":true,"m_FxEnabled":true},"in2DMode":false,"pivot":{"x":-0.006060989573597908,"y":0.0032677724957466127,"z":-0.004301890730857849},"rotation":{"x":-0.2000189572572708,"y":0.445287823677063,"z":-0.10276789963245392,"w":-0.8667230010032654},"size":4.538543224334717,"orthographic":false}