{"cameraMode":{"drawMode":0,"name":"Shaded","section":"Shading Mode"},"sceneLighting":true,"audioPlay":false,"sceneViewState":{"m_AlwaysRefresh":false,"showFog":true,"showSkybox":true,"showFlares":true,"showImageEffects":true,"showParticleSystems":true,"showVisualEffectGraphs":true,"m_FxEnabled":true},"in2DMode":false,"pivot":{"x":35.06378936767578,"y":1.1900172233581544,"z":20.770177841186525},"rotation":{"x":-0.06107117608189583,"y":-0.5589232444763184,"z":0.041335076093673709,"w":-0.8259788155555725},"size":31.046567916870118,"orthographic":false}