{"cameraMode":{"drawMode":0,"name":"Shaded","section":"Shading Mode"},"sceneLighting":true,"audioPlay":false,"sceneViewState":{"m_AlwaysRefresh":false,"showFog":true,"showSkybox":true,"showFlares":true,"showImageEffects":true,"showParticleSystems":true,"showVisualEffectGraphs":true,"m_FxEnabled":true},"in2DMode":false,"pivot":{"x":11.828654289245606,"y":-3.501232147216797,"z":-1.4939780235290528},"rotation":{"x":0.472243994474411,"y":0.037270840257406238,"z":-0.02000204287469387,"w":0.8804647922515869},"size":14.197343826293946,"orthographic":false}