{"cameraMode":{"drawMode":0,"name":"Shaded","section":"Shading Mode"},"sceneLighting":true,"audioPlay":false,"sceneViewState":{"m_AlwaysRefresh":false,"showFog":true,"showSkybox":true,"showFlares":true,"showImageEffects":true,"showParticleSystems":true,"showVisualEffectGraphs":true,"m_FxEnabled":true},"in2DMode":false,"pivot":{"x":13.628545761108399,"y":0.1645355224609375,"z":19.13727569580078},"rotation":{"x":0.07315632700920105,"y":-0.9267414808273315,"z":0.2508147060871124,"w":0.2703031003475189},"size":11.619817733764649,"orthographic":false}