{"cameraMode":{"drawMode":0,"name":"Shaded","section":"Shading Mode"},"sceneLighting":true,"audioPlay":false,"sceneViewState":{"m_AlwaysRefresh":false,"showFog":true,"showSkybox":true,"showFlares":true,"showImageEffects":true,"showParticleSystems":true,"showVisualEffectGraphs":true,"m_FxEnabled":true},"in2DMode":false,"pivot":{"x":-404.16851806640627,"y":11.732834815979004,"z":-1.622551679611206},"rotation":{"x":0.020258616656064988,"y":-0.7123329043388367,"z":0.020476341247558595,"w":0.7013147473335266},"size":84.04692077636719,"orthographic":false}