{"cameraMode":{"drawMode":0,"name":"Shaded","section":"Shading Mode"},"sceneLighting":true,"audioPlay":false,"sceneViewState":{"m_AlwaysRefresh":false,"showFog":true,"showSkybox":true,"showFlares":true,"showImageEffects":true,"showParticleSystems":true,"showVisualEffectGraphs":true,"m_FxEnabled":true},"in2DMode":false,"pivot":{"x":-1.4143500328063965,"y":-0.4893913269042969,"z":1.6609573364257813},"rotation":{"x":-0.20750482380390168,"y":-0.15712115168571473,"z":0.033772896975278857,"w":-0.9649813175201416},"size":7.134306907653809,"orthographic":false}